{
  "real_vs_synth_auc": 0.581978882558247,
  "mmd2": 0.0006285396457201831,
  "knn_overlap": 0.9567307692307693
}
