fold,model,recall_pos,f1_pos,pr_auc,bal_acc,roc_auc,brier
1,logreg,1.0,1.0,1.0,1.0,1.0,0.010917656706052093
1,svm_rbf,0.8,0.8,0.71,0.8,0.8,0.15518844271101231
1,rf,0.6,0.6,0.7595238095238095,0.6,0.76,0.184200625
1,xgb,0.6,0.6,0.8083333333333333,0.6,0.76,0.2261388758326727
2,logreg,0.6,0.6666666666666666,0.75,0.7,0.6000000000000001,0.3014218447613192
2,svm_rbf,0.6,0.6666666666666666,0.7642857142857142,0.7,0.6400000000000001,0.24490762959555573
2,rf,0.6,0.6666666666666666,0.7888888888888888,0.7,0.6,0.278389375
2,xgb,0.4,0.4444444444444444,0.72,0.5,0.56,0.29810883639258673
3,logreg,0.75,0.6666666666666666,0.6041666666666666,0.675,0.65,0.2861873912180999
3,svm_rbf,1.0,0.8888888888888888,1.0,0.9,1.0,0.09351886877552362
3,rf,1.0,0.8,0.95,0.8,0.9500000000000001,0.12802152777777775
3,xgb,1.0,0.8,0.6791666666666667,0.8,0.8,0.16019084823226593
4,logreg,0.75,0.8571428571428571,0.875,0.875,0.8,0.14393531267712933
4,svm_rbf,0.75,0.6666666666666666,0.9166666666666666,0.675,0.9,0.22683741176097058
4,rf,0.75,0.6666666666666666,0.875,0.675,0.8,0.23559513888888883
4,xgb,0.75,0.6666666666666666,0.875,0.675,0.8,0.3134964543654443
5,logreg,0.8,0.8,0.8766666666666667,0.8,0.8800000000000001,0.1596506300542764
5,svm_rbf,0.8,0.8888888888888888,0.925,0.9,0.88,0.1372237791309368
5,rf,0.8,0.7272727272727273,0.8444444444444443,0.7,0.76,0.24795687500000002
5,xgb,0.6,0.5454545454545454,0.7342857142857142,0.5,0.6000000000000001,0.2988666129099953
