scheme,roc_auc
snv,0.9063492063492063
l2,0.8912698412698413
minmax,0.8531746031746031
none,0.7634920634920634
