scheme,roc_auc
snv,0.9015873015873016
l2,0.8801587301587303
minmax,0.8587301587301587
none,0.7634920634920634
