rank,index,dist2,ID
1,15,60.00000000085214,N16
2,39,60.00000000069177,P10
3,52,60.00000000062879,P23
4,35,60.00000000061217,P6
5,22,60.00000000051972,N23
