{
  "F1_vs_baseline": {
    "n": 5.0,
    "mean_abs": -0.017230769230769227,
    "mean_rel": -0.018909090909090903,
    "wilcoxon_p_one_sided": 1.0
  },
  "ACC_vs_baseline": {
    "n": 5.0,
    "mean_abs": -0.016666666666666673,
    "mean_rel": -0.018333333333333344,
    "wilcoxon_p_one_sided": 1.0
  },
  "success_rule": "mean_rel >= 0.15 и p < 0.05 (one-sided)"
}
