{
  "real_vs_synth_auc": 0.543425925925926,
  "mmd2": 0.0005446363556700362,
  "knn_overlap": 0.9722222222222222
}
