{
  "real_vs_synth_auc": 0.5432500643004116,
  "mmd2": 0.0005443370223774391,
  "knn_overlap": 0.9652777777777778
}
