{
  "F1_vs_baseline": {
    "n": 5.0,
    "mean_abs": -0.047780320366132736,
    "mean_rel": -0.061053683158946326,
    "wilcoxon_p_one_sided": 1.0
  },
  "ACC_vs_baseline": {
    "n": 5.0,
    "mean_abs": -0.03333333333333335,
    "mean_rel": -0.03608695652173914,
    "wilcoxon_p_one_sided": 1.0
  },
  "success_rule": "mean_rel >= 0.15 и p < 0.05 (one-sided)"
}
