{
  "real_vs_synth_auc": 0.5536458333333333,
  "mmd2": 0.00033535817946361846,
  "knn_overlap": 0.9833333333333333
}
