{
  "F1_vs_baseline": {
    "n": 30.0,
    "mean_abs": 0.08333333333333333,
    "mean_rel": 0.0,
    "wilcoxon_p_one_sided": 0.051235217429874684
  },
  "ACC_vs_baseline": {
    "n": 30.0,
    "mean_abs": -0.022222222222222223,
    "mean_rel": -0.14393939393939395,
    "wilcoxon_p_one_sided": 0.678395408887406
  },
  "success_rule": "mean_rel >= 0.15 и p < 0.05 (one-sided)"
}
