{
  "real_vs_synth_auc": 0.5568518518518518,
  "mmd2": 0.0008812216244797888,
  "knn_overlap": 0.9666666666666667
}
