{
  "real_vs_synth_auc": 0.5527906378600823,
  "mmd2": 0.0006678501480017474,
  "knn_overlap": 0.9791666666666666
}
